id;name;surname;department_id;create_date
1;Cyrus;Ramos;9;2017-06-14
2;Quinn;Duran;4;2017-03-12
3;Timon;Hughes;3;2016-04-09
4;Deacon;Murray;7;2016-03-06
5;Lawrence;Solomon;2;2016-10-03
6;Travis;Wolfe;1;2016-07-18
7;Austin;Hartman;5;2016-12-20
8;Armando;Gray;8;2016-04-04
9;Stewart;Kane;4;2017-07-24
10;Andrew;Logan;8;2017-03-15
11;Hector;Kinney;6;2017-10-20
12;Chaney;Glenn;7;2016-04-11
13;Justin;Barr;4;2016-03-11
14;Melvin;Ward;7;2016-11-17
15;Caesar;Cantrell;5;2016-07-15
16;Harlan;Sweet;2;2017-02-08
17;Elliott;Boyer;3;2016-08-19
18;Kareem;Hammond;4;2017-08-19
19;Jackson;Koch;3;2016-05-02
20;Ronan;Harper;9;2016-04-16
21;Kuame;Copeland;10;2017-07-24
22;Jeremy;Beck;1;2017-10-16
23;Martin;Justice;1;2017-11-25
24;Holmes;Jacobson;7;2017-09-14
25;Malik;Foley;1;2016-09-24
26;Axel;Diaz;10;2017-08-26
27;Hall;Orr;6;2016-07-25
28;Levi;Nguyen;2;2017-05-24
29;Robert;Mckay;10;2017-04-27
30;Kirk;Casey;2;2016-07-20
31;Zachary;Charles;8;2016-11-10
32;Vladimir;Robbins;1;2016-05-23
33;Damian;Larsen;2;2017-02-07
34;Sebastian;Beach;4;2017-08-18
35;Fritz;Garza;6;2016-02-07
36;Dale;Sears;7;2016-04-25
37;Jerome;Townsend;9;2017-08-19
38;Paul;Sparks;1;2016-03-01
39;Bradley;Long;6;2017-03-25
40;Jakeem;Hampton;1;2016-05-24
41;Mohammad;Travis;9;2017-10-27
42;Allistair;Scott;9;2016-04-22
43;Flynn;Ortiz;1;2016-01-24
44;Hakeem;Blanchard;4;2017-05-09
45;Callum;Peters;10;2016-08-30
46;Micah;Ingram;9;2017-12-24
47;Cade;Norton;8;2018-01-07
48;Rooney;Walters;4;2016-04-17
49;Burton;Meadows;3;2016-01-21
50;Jonas;Obrien;6;2017-01-04
51;Kasper;Hutchinson;2;2017-12-05
52;Magee;Walter;1;2016-12-13
53;Ryder;Cruz;1;2017-01-24
54;Damon;Ross;2;2017-02-10
55;Igor;Joyner;6;2016-10-03
56;Palmer;Knowles;1;2017-12-27
57;Connor;Shannon;5;2017-04-18
58;Bernard;Guzman;1;2017-01-15
59;Hunter;Bauer;8;2016-03-18
60;Byron;Barr;4;2016-03-08
61;Kamal;Hubbard;8;2016-09-15
62;Jerome;Gallegos;5;2016-02-18
63;Lars;Yates;1;2016-09-30
64;Adrian;Garner;2;2016-07-29
65;Noble;Bell;9;2017-03-18
66;Dennis;Nolan;1;2016-01-28
67;Cairo;Key;2;2016-10-30
68;Axel;Mcknight;4;2017-03-26
69;Amos;Cantu;10;2017-10-27
70;Thaddeus;Boyd;2;2016-06-03
71;Lucas;Bradshaw;2;2017-08-13
72;Otto;Bridges;2;2017-12-07
73;Perry;Short;7;2017-05-13
74;David;Sharpe;2;2017-02-16
75;Dean;Underwood;4;2017-05-08
76;Cyrus;Cleveland;9;2016-05-12
77;Emmanuel;Medina;6;2016-12-15
78;Dillon;Floyd;3;2017-02-10
79;Price;Riddle;6;2017-05-10
80;Colt;Stevens;1;2017-02-12
81;Walker;Conway;3;2016-02-07
82;Nathan;Contreras;4;2016-02-18
83;Caleb;Nash;9;2017-05-22
84;Griffith;Chaney;3;2016-05-26
85;Beau;Price;1;2016-05-03
86;Rigel;Maynard;3;2017-08-15
87;Keane;Preston;7;2016-05-08
88;Zeus;Oneal;2;2016-09-09
89;Harlan;Rojas;7;2016-07-28
90;Colin;Schroeder;10;2017-04-13
91;Cadman;Beard;1;2016-03-31
92;Dalton;Campbell;10;2016-06-09
93;Troy;Duffy;1;2018-01-08
94;Talon;Bradshaw;8;2016-10-20
95;Thane;Mullen;2;2016-02-03
96;Cade;Hammond;8;2016-11-17
97;Stewart;Rodgers;6;2016-04-05
98;Fitzgerald;Randolph;10;2017-07-10
99;David;Zimmerman;9;2016-08-31
100;Wallace;Spence;2;2017-07-05